<?xml version="1.0" encoding="UTF-8"?>
<metadata xml:lang="en"><Esri><CreaDate>20210113</CreaDate><CreaTime>13082700</CreaTime><ArcGISFormat>1.0</ArcGISFormat><SyncOnce>TRUE</SyncOnce><DataProperties><lineage><Process ToolSource="c:\program files (x86)\arcgis\desktop10.8\ArcToolbox\Toolboxes\Conversion Tools.tbx\RasterToPolygon" Date="20210113" Time="130827">RasterToPolygon "Sriramsagar dam\Watersh_tif3" D:\P4W_Project\Sriramsagar\Sriram_Basin.shp SIMPLIFY Value SINGLE_OUTER_PART #</Process></lineage></DataProperties></Esri></metadata>
