<?xml version="1.0" encoding="UTF-8"?>
<metadata xml:lang="en"><Esri><CreaDate>20210119</CreaDate><CreaTime>17253600</CreaTime><ArcGISFormat>1.0</ArcGISFormat><SyncOnce>TRUE</SyncOnce><DataProperties><lineage><Process ToolSource="c:\program files (x86)\arcgis\desktop10.8\ArcToolbox\Toolboxes\Conversion Tools.tbx\RasterToPolygon" Date="20210119" Time="172536">RasterToPolygon Hirakud\Watersh_Hira3 D:\P4W_Project\ShpFile_ReservoirBasins\Hirakud_Basin1.shp SIMPLIFY Value SINGLE_OUTER_PART #</Process></lineage></DataProperties></Esri></metadata>
